{
  "project_info": {
    "project_number": "902332686600",
    "firebase_url": "https://curso-android-firebase-63be6.firebaseio.com",
    "project_id": "curso-android-firebase-63be6",
    "storage_bucket": "curso-android-firebase-63be6.appspot.com"
  },
  "client": [
    {
      "client_info": {
        "mobilesdk_app_id": "1:902332686600:android:4dcfa7b156d6516d",
        "android_client_info": {
          "package_name": "com.example.marioernesto.menucomidas"
        }
      },
      "oauth_client": [
        {
          "client_id": "902332686600-s66sqm8se1no2uc775sk95jmolls4ip4.apps.googleusercontent.com",
          "client_type": 1,
          "android_info": {
            "package_name": "com.example.marioernesto.menucomidas",
            "certificate_hash": "bbabeb8c8c4b76dbee38eaf319e11904308a5a1e"
          }
        },
        {
          "client_id": "902332686600-p493tf7oibtde54ohfjk4ngkshn3n6op.apps.googleusercontent.com",
          "client_type": 3
        }
      ],
      "api_key": [
        {
          "current_key": "AIzaSyCn_7yGnesK4cF92Wl4nR8C_flf86RjVAM"
        }
      ],
      "services": {
        "analytics_service": {
          "status": 1
        },
        "appinvite_service": {
          "status": 2,
          "other_platform_oauth_client": [
            {
              "client_id": "902332686600-p493tf7oibtde54ohfjk4ngkshn3n6op.apps.googleusercontent.com",
              "client_type": 3
            }
          ]
        },
        "ads_service": {
          "status": 2
        }
      }
    },
    {
      "client_info": {
        "mobilesdk_app_id": "1:902332686600:android:3ad3a395195c8446",
        "android_client_info": {
          "package_name": "com.example.marioernesto.myapplication"
        }
      },
      "oauth_client": [
        {
          "client_id": "902332686600-5mujl64cplguo5ihdjiledd319itmv6d.apps.googleusercontent.com",
          "client_type": 1,
          "android_info": {
            "package_name": "com.example.marioernesto.myapplication",
            "certificate_hash": "bbabeb8c8c4b76dbee38eaf319e11904308a5a1e"
          }
        },
        {
          "client_id": "902332686600-p493tf7oibtde54ohfjk4ngkshn3n6op.apps.googleusercontent.com",
          "client_type": 3
        }
      ],
      "api_key": [
        {
          "current_key": "AIzaSyCn_7yGnesK4cF92Wl4nR8C_flf86RjVAM"
        }
      ],
      "services": {
        "analytics_service": {
          "status": 1
        },
        "appinvite_service": {
          "status": 2,
          "other_platform_oauth_client": [
            {
              "client_id": "902332686600-p493tf7oibtde54ohfjk4ngkshn3n6op.apps.googleusercontent.com",
              "client_type": 3
            }
          ]
        },
        "ads_service": {
          "status": 2
        }
      }
    },
    {
      "client_info": {
        "mobilesdk_app_id": "1:902332686600:android:6c6f8d73980b8031",
        "android_client_info": {
          "package_name": "com.example.marioernesto.ofertas"
        }
      },
      "oauth_client": [
        {
          "client_id": "902332686600-jqivf37mechf42oad8sotko89p2dbbsq.apps.googleusercontent.com",
          "client_type": 1,
          "android_info": {
            "package_name": "com.example.marioernesto.ofertas",
            "certificate_hash": "bbabeb8c8c4b76dbee38eaf319e11904308a5a1e"
          }
        },
        {
          "client_id": "902332686600-p493tf7oibtde54ohfjk4ngkshn3n6op.apps.googleusercontent.com",
          "client_type": 3
        }
      ],
      "api_key": [
        {
          "current_key": "AIzaSyCn_7yGnesK4cF92Wl4nR8C_flf86RjVAM"
        }
      ],
      "services": {
        "analytics_service": {
          "status": 1
        },
        "appinvite_service": {
          "status": 2,
          "other_platform_oauth_client": [
            {
              "client_id": "902332686600-p493tf7oibtde54ohfjk4ngkshn3n6op.apps.googleusercontent.com",
              "client_type": 3
            }
          ]
        },
        "ads_service": {
          "status": 2
        }
      }
    }
  ],
  "configuration_version": "1"
}